[
  {
    "id": 1,
    "name": "ESPN Premium HD AR",
    "description": "Fútbol argentino • Pasión • En vivo",
    "quality": "1080p",
    "views": 0,
    "category": "ESPN Premium",
    "logoUrl": "https://i.imgur.com/B81ROGQ.png",
    "url": "https://example.com/espn-premium"
  },
  {
    "id": 2,
    "name": "TNT Sports HD AR",
    "description": "Deportes TNT • Futbol en vivo",
    "quality": "1080p",
    "views": 0,
    "category": "Deportes TNT",
    "logoUrl": "https://i.imgur.com/f7UUDW3.png",
    "url": "https://example.com/tnt-sports"
  },
  {
    "id": 3,
    "name": "DirecTV SPORT",
    "description": "DirecTV Sport • 1080p",
    "quality": "1080p",
    "views": 0,
    "category": "DirecTV Sport",
    "logoUrl": "https://i.imgur.com/GEyMEJr.png",
    "url": "https://example.com/directv-sport"
  },
  {
    "id": 4,
    "name": "DirecTV+",
    "description": "DirecTV+ • 1080p",
    "quality": "1080p",
    "views": 0,
    "category": "DirecTV+",
    "logoUrl": "https://i.imgur.com/GEyMEJr.png",
    "url": "https://example.com/directv-plus"
  },
  {
    "id": 5,
    "name": "ESPN HD (81 semanas) AR",
    "description": "ESPN • 1080p",
    "quality": "1080p",
    "views": 0,
    "category": "ESPN",
    "logoUrl": "https://i.imgur.com/RTHngfr.png",
    "url": "https://example.com/espn-hd"
  },
  {
    "id": 6,
    "name": "ESPN 2 HD (81 semanas) AR",
    "description": "ESPN 2 • 1080p",
    "quality": "1080p",
    "views": 0,
    "category": "ESPN 2",
    "logoUrl": "https://i.imgur.com/pMzVxz8.png",
    "url": "https://example.com/espn2-hd"
  },
  {
    "id": 7,
    "name": "ESPN 3 HD (81 semanas) AR",
    "description": "ESPN 3 • 1080p",
    "quality": "1080p",
    "views": 0,
    "category": "ESPN 3",
    "logoUrl": "https://i.imgur.com/Fa8VpMN.png",
    "url": "https://example.com/espn3-hd"
  },
  {
    "id": 8,
    "name": "Fox Sports HD (81w) AR",
    "description": "Fox Sports • 1080p",
    "quality": "1080p",
    "views": 0,
    "category": "Fox Sports",
    "logoUrl": "https://i.imgur.com/g6SlYjF.png",
    "url": "https://example.com/fox-sports-hd"
  }
]
